n,mean_ratio,sem
5.011900000000000000e+04,1.299703547099114287e+00,1.206439439136914888e-03
5.134500000000000000e+04,1.301165838544747544e+00,1.245864323101282664e-03
5.260300000000000000e+04,1.301484278040625497e+00,1.250808626507278519e-03
5.388900000000000000e+04,1.302595930387537404e+00,1.185563821501226574e-03
5.520900000000000000e+04,1.298672611741589433e+00,1.187104304397954783e-03
5.656100000000000000e+04,1.302514426831517191e+00,1.219591276458809092e-03
5.794500000000000000e+04,1.307786503806511957e+00,1.145987446979983195e-03
5.936300000000000000e+04,1.306335770730891799e+00,1.129636534730158424e-03
6.081700000000000000e+04,1.301642949846499864e+00,1.201589405944692227e-03
6.230500000000000000e+04,1.302329094684842925e+00,1.157421062961544673e-03
6.382900000000000000e+04,1.301321446228921985e+00,1.103140272802143789e-03
6.539300000000000000e+04,1.303129132750393326e+00,1.086589578415230210e-03
6.699300000000000000e+04,1.304668655995375737e+00,1.120417280542351790e-03
6.863300000000000000e+04,1.305139325231962966e+00,1.124003685940248550e-03
7.031300000000000000e+04,1.303585334056594602e+00,1.124109282642293340e-03
7.203300000000000000e+04,1.304227683862116960e+00,1.109178846332998418e-03
7.379700000000000000e+04,1.306779969557391397e+00,1.012108243072878944e-03
7.560300000000000000e+04,1.307132861941052937e+00,1.079039754772104362e-03
7.745300000000000000e+04,1.303992708958206181e+00,1.086053635061073842e-03
7.934900000000000000e+04,1.304661426495197230e+00,1.066244042399719632e-03
8.129100000000000000e+04,1.304067719371054590e+00,9.940686999472449908e-04
8.328100000000000000e+04,1.305938253917544367e+00,1.055121327781095245e-03
8.531900000000000000e+04,1.309325526934240091e+00,1.082023981914151433e-03
8.740900000000000000e+04,1.306008123854335290e+00,1.023305981880320284e-03
8.954700000000000000e+04,1.307119578692108597e+00,9.975474201019747956e-04
9.173900000000000000e+04,1.303891898217681922e+00,1.004451569372639920e-03
9.398500000000000000e+04,1.304686058049284059e+00,9.583064134139630255e-04
9.628500000000000000e+04,1.306655778034810922e+00,1.020004436159581895e-03
9.864300000000000000e+04,1.305485410578615335e+00,1.003486177675457511e-03
1.010570000000000000e+05,1.306930952779987942e+00,9.821951478422852322e-04
1.035310000000000000e+05,1.307885940861611029e+00,9.441493461055931085e-04
1.060650000000000000e+05,1.307576455648040259e+00,9.764073132007077644e-04
1.086610000000000000e+05,1.305952099344756201e+00,9.815534238315436720e-04
1.113210000000000000e+05,1.306785137640748218e+00,9.384874860889572817e-04
1.140450000000000000e+05,1.309519931583332575e+00,9.574381377012574235e-04
1.168370000000000000e+05,1.310165965587640757e+00,9.237458486018429969e-04
1.196970000000000000e+05,1.310128632735785281e+00,9.200686666914773210e-04
1.226270000000000000e+05,1.308579507259955088e+00,9.205216738158426316e-04
1.256290000000000000e+05,1.308429250874754812e+00,8.730348153521044806e-04
1.287030000000000000e+05,1.308274649145166890e+00,9.440872488388818212e-04
1.318530000000000000e+05,1.309376078657678466e+00,8.405884658243478139e-04
1.350810000000000000e+05,1.308230388380257958e+00,8.915723141750064125e-04
1.383870000000000000e+05,1.308614276211019112e+00,8.635298465333106051e-04
1.417750000000000000e+05,1.308800243467290514e+00,8.187466281242766286e-04
1.452450000000000000e+05,1.309417536933961568e+00,7.823310118479261110e-04
1.487990000000000000e+05,1.308767352366466463e+00,8.093391214301602632e-04
1.524430000000000000e+05,1.312108799250873314e+00,8.379535639863962184e-04
1.561730000000000000e+05,1.311721363341367574e+00,8.226991378807413076e-04
1.599970000000000000e+05,1.310509451739633846e+00,7.869058660188445967e-04
1.639130000000000000e+05,1.312506763541285482e+00,8.179811902813988872e-04
1.679250000000000000e+05,1.309095733850224708e+00,7.610792506960379396e-04
1.720350000000000000e+05,1.308492363052292440e+00,7.925941878732469968e-04
1.762450000000000000e+05,1.309055079990541381e+00,7.922739516522195064e-04
1.805590000000000000e+05,1.311490798157065152e+00,7.492500560786256002e-04
1.849790000000000000e+05,1.311043145708599811e+00,6.997373857410274164e-04
1.895070000000000000e+05,1.312935669565375107e+00,7.760839434739459988e-04
1.941450000000000000e+05,1.313746934391306187e+00,7.709707920904824508e-04
1.988970000000000000e+05,1.312520034799688817e+00,7.763698256718910536e-04
2.037670000000000000e+05,1.311787525229690665e+00,7.192072205481019444e-04
2.087530000000000000e+05,1.311867118390128484e+00,7.007070642634092216e-04
2.138630000000000000e+05,1.312447726006889637e+00,6.962435875646135353e-04
2.190990000000000000e+05,1.311338465804427145e+00,6.932800549918656649e-04
2.244610000000000000e+05,1.312051126408170898e+00,7.303804712208783814e-04
2.299550000000000000e+05,1.312415288030553961e+00,6.490864317790505551e-04
2.355850000000000000e+05,1.311354858866120576e+00,7.036203944374090202e-04
2.413510000000000000e+05,1.310412040859945337e+00,7.112246885855025205e-04
2.472590000000000000e+05,1.312504692974175713e+00,6.450552127504539284e-04
2.533110000000000000e+05,1.312405864162520031e+00,6.784786462677175551e-04
2.595110000000000000e+05,1.313208701616979113e+00,6.641518637285207579e-04
2.658630000000000000e+05,1.312586446741635715e+00,6.862114083438519436e-04
2.723710000000000000e+05,1.313027039128175089e+00,6.912777413602890376e-04
2.790370000000000000e+05,1.313727082198991258e+00,6.529744205812949018e-04
2.858670000000000000e+05,1.314185189580392654e+00,6.473906718376668456e-04
2.928650000000000000e+05,1.312028463098442455e+00,6.582014073995822454e-04
3.000330000000000000e+05,1.311609675452766188e+00,5.929821856417703298e-04
3.073770000000000000e+05,1.314935994370175276e+00,5.774423509804839936e-04
3.149010000000000000e+05,1.314000857445978054e+00,6.367050735630515887e-04
3.226090000000000000e+05,1.314504037328248831e+00,6.206417881170839734e-04
3.305050000000000000e+05,1.313574039795369242e+00,6.115388546589843296e-04
3.385950000000000000e+05,1.312383800282490576e+00,5.766685065123394651e-04
3.468830000000000000e+05,1.313292723509840609e+00,5.973263244362751745e-04
3.553730000000000000e+05,1.313934825493099590e+00,5.735471232660085007e-04
3.640710000000000000e+05,1.313226733393823231e+00,6.084766189655394604e-04
3.729830000000000000e+05,1.314019957918367121e+00,5.651862540043689357e-04
3.821130000000000000e+05,1.313438893061991353e+00,5.612673230087096825e-04
3.914670000000000000e+05,1.313209952498531008e+00,5.905621507803567212e-04
4.010470000000000000e+05,1.313260000372599601e+00,5.479478552183764941e-04
4.108650000000000000e+05,1.312863340193955342e+00,5.680087418343131083e-04
4.209210000000000000e+05,1.315764719048386988e+00,5.657068460013716261e-04
4.312250000000000000e+05,1.314516281243918394e+00,5.464601015764835755e-04
4.417790000000000000e+05,1.314383235272110539e+00,5.453478620308095355e-04
4.525930000000000000e+05,1.315233112380773450e+00,5.438076328215954653e-04
4.636710000000000000e+05,1.314089700895341606e+00,5.324396115516702010e-04
4.750210000000000000e+05,1.313796778270661658e+00,5.348889725410028821e-04
4.866470000000000000e+05,1.313568712317247700e+00,5.430091558548744753e-04
4.985590000000000000e+05,1.315650402420110110e+00,4.935339410538565775e-04
5.107630000000000000e+05,1.315715828461305525e+00,5.329648478687192730e-04
5.232650000000000000e+05,1.314698849422333504e+00,5.112475092088957992e-04
5.360730000000000000e+05,1.316619219471188318e+00,5.308484236038908937e-04
5.491950000000000000e+05,1.314864432288858520e+00,5.266071276495527202e-04
5.626370000000000000e+05,1.314533255358682151e+00,4.898408510250043318e-04
5.764090000000000000e+05,1.314016400211444946e+00,4.683353364677399081e-04
5.905170000000000000e+05,1.315049832701625121e+00,4.940643322050270554e-04
6.049710000000000000e+05,1.313761914494655958e+00,4.630567844251281986e-04
6.197790000000000000e+05,1.315391646900259559e+00,4.877891689154655193e-04
6.349510000000000000e+05,1.315256817572491466e+00,4.633772000477134260e-04
6.504930000000000000e+05,1.316205617648496862e+00,4.448961675955032482e-04
6.664150000000000000e+05,1.316737708924580641e+00,4.404298320892595224e-04
6.827270000000000000e+05,1.315796178409119888e+00,4.860038048815123937e-04
6.994370000000000000e+05,1.316400544713297149e+00,4.483318359941612674e-04
7.165570000000000000e+05,1.316409376171237655e+00,4.415800452459398180e-04
7.340970000000000000e+05,1.316691671822158183e+00,4.167859228586941146e-04
7.520650000000000000e+05,1.315561084782675749e+00,4.552155940809633761e-04
7.704750000000000000e+05,1.315565059805282155e+00,4.423463554063619295e-04
7.893330000000000000e+05,1.316774334347827757e+00,4.640338962312181258e-04
8.086530000000000000e+05,1.315065659041932511e+00,4.533260889217952095e-04
8.284470000000000000e+05,1.315690488744522657e+00,4.325202834779077999e-04
8.487250000000000000e+05,1.315892841458052631e+00,4.154575353047230100e-04
8.694990000000000000e+05,1.317822772838081580e+00,4.143518057270607316e-04
8.907830000000000000e+05,1.317708441082287019e+00,4.415166126065288516e-04
9.125870000000000000e+05,1.316502390979112258e+00,4.164558238452151749e-04
9.349230000000000000e+05,1.315261305248290880e+00,4.077862590951784601e-04
9.578090000000000000e+05,1.315969527451247290e+00,4.057865677660118793e-04
9.812530000000000000e+05,1.315732951620834479e+00,4.128298417430867188e-04
1.005271000000000000e+06,1.316434730745314585e+00,4.042805033143767471e-04
1.029877000000000000e+06,1.316641553318918856e+00,3.982367114223472481e-04
1.055085000000000000e+06,1.316976063846902356e+00,3.857676154768429071e-04
1.080911000000000000e+06,1.316758948482438907e+00,3.729826831931836134e-04
1.107369000000000000e+06,1.316758826467586463e+00,3.586871361622534591e-04
1.134473000000000000e+06,1.316049865138507746e+00,3.856290822310682177e-04
1.162243000000000000e+06,1.316774152230619555e+00,3.631174587537615815e-04
1.190691000000000000e+06,1.318307136928094536e+00,3.544019253182881485e-04
1.219835000000000000e+06,1.317925528461624918e+00,3.682741867281077259e-04
1.249693000000000000e+06,1.317867221735462779e+00,3.451542297031393990e-04
1.280283000000000000e+06,1.316605053543281834e+00,3.681863670355017652e-04
1.311621000000000000e+06,1.316946591486367613e+00,3.424784440952105395e-04
1.343725000000000000e+06,1.316232348566898080e+00,3.521615384624271852e-04
1.376615000000000000e+06,1.316538346681895399e+00,3.538716167916166559e-04
1.410311000000000000e+06,1.317608395192367388e+00,3.731111888417622409e-04
1.444831000000000000e+06,1.317164067138912431e+00,3.365442349968980618e-04
1.480197000000000000e+06,1.317090449626928006e+00,3.418956287050394101e-04
1.516429000000000000e+06,1.317274215532012738e+00,3.399461352755094230e-04
1.553547000000000000e+06,1.317190358065756239e+00,3.111386550710132501e-04
1.591573000000000000e+06,1.317046564225025307e+00,3.029409159665290481e-04
1.630529000000000000e+06,1.317017698835591943e+00,3.232785076882203792e-04
1.670441000000000000e+06,1.317872124819355673e+00,3.019400251276513694e-04
1.711329000000000000e+06,1.316876402401298884e+00,3.316578695517518509e-04
1.753217000000000000e+06,1.317948787292783530e+00,3.021317347936149219e-04
1.796131000000000000e+06,1.317252816251241354e+00,3.065712919469513716e-04
1.840095000000000000e+06,1.317193049878846889e+00,3.152485909063685557e-04
1.885135000000000000e+06,1.317826570024574817e+00,3.134262806454128918e-04
1.931277000000000000e+06,1.317607354448575130e+00,3.071970232923452050e-04
1.978551000000000000e+06,1.316605857421943471e+00,2.910302228218045292e-04
2.026979000000000000e+06,1.318121032224278677e+00,3.036336227514217041e-04
2.076595000000000000e+06,1.317432025655202121e+00,2.950849275425212873e-04
2.127423000000000000e+06,1.317249498052694756e+00,2.909116935363514293e-04
2.179497000000000000e+06,1.317009674388806673e+00,3.012497688394874789e-04
2.232845000000000000e+06,1.318197161869743450e+00,2.810886245311668835e-04
2.287499000000000000e+06,1.317750958262575489e+00,2.770598251098728058e-04
2.343489000000000000e+06,1.317569938107044925e+00,2.723605000324667413e-04
2.400851000000000000e+06,1.318666782288896222e+00,2.667629617365361444e-04
2.459617000000000000e+06,1.317604795443862331e+00,2.789132626769462117e-04
2.519821000000000000e+06,1.317536684371581224e+00,2.982998388479212717e-04
2.581501000000000000e+06,1.318325511286725593e+00,2.612316158583594334e-04
2.644687000000000000e+06,1.318134818318646984e+00,2.606819970295750234e-04
2.709423000000000000e+06,1.318098736491593037e+00,2.734735995425966013e-04
2.775741000000000000e+06,1.317982762599774205e+00,2.754284920886285052e-04
2.843683000000000000e+06,1.318495384163853146e+00,2.698770880914187265e-04
2.913289000000000000e+06,1.318124081385704915e+00,2.602568037912627121e-04
2.984599000000000000e+06,1.318192737067492626e+00,2.632101500295726368e-04
3.057653000000000000e+06,1.318173897469636424e+00,2.579039655609565210e-04
3.132495000000000000e+06,1.318436281269593779e+00,2.616428310930524778e-04
3.209169000000000000e+06,1.318665054029043437e+00,2.464874372169525161e-04
3.287721000000000000e+06,1.318196028673827236e+00,2.590438462398884185e-04
3.368195000000000000e+06,1.318212856509820785e+00,2.388296220597865209e-04
3.450639000000000000e+06,1.318700975348999105e+00,2.415717506066507498e-04
3.535101000000000000e+06,1.317589187413603424e+00,2.454555558677021286e-04
3.621631000000000000e+06,1.318208283997610586e+00,2.358961647295660941e-04
3.710277000000000000e+06,1.318283020207469791e+00,2.429441414176511729e-04
3.801095000000000000e+06,1.318099567731285005e+00,2.470423387253299543e-04
3.894135000000000000e+06,1.319004087893340449e+00,2.387865478328297193e-04
3.989451000000000000e+06,1.318337737055811587e+00,2.280307544336534044e-04
4.087103000000000000e+06,1.318689187782582595e+00,2.217576593695548852e-04
4.187143000000000000e+06,1.318887464311105040e+00,2.215240621395461013e-04
4.289633000000000000e+06,1.318791397091625406e+00,2.339370686070084816e-04
4.394631000000000000e+06,1.318353134426189843e+00,2.340524415124391048e-04
4.502199000000000000e+06,1.318306437159167954e+00,2.266637563062241041e-04
4.612399000000000000e+06,1.318881364343442941e+00,1.904566893153040628e-04
4.725299000000000000e+06,1.318485992805445983e+00,2.184776926206193754e-04
4.840961000000000000e+06,1.318169718859769413e+00,2.002571326591842465e-04
4.959453000000000000e+06,1.318365639726652994e+00,2.018034634321823513e-04
5.080847000000000000e+06,1.318833675504071712e+00,1.945996088454644672e-04
5.205211000000000000e+06,1.318822168258166894e+00,2.014416527159712902e-04
5.332621000000000000e+06,1.318908466832936943e+00,2.092660957877486082e-04
5.463147000000000000e+06,1.319116794042035412e+00,1.928668750678018092e-04
5.596869000000000000e+06,1.318423059254965723e+00,1.937491472293985720e-04
5.733865000000000000e+06,1.319286879056022599e+00,2.001020986095045572e-04
5.874215000000000000e+06,1.318570219270850608e+00,2.084198924538426228e-04
6.017999000000000000e+06,1.318932060889218327e+00,1.853849093953890970e-04
6.165301000000000000e+06,1.318878439515470236e+00,1.922657697569861012e-04
6.316211000000000000e+06,1.318836110615321244e+00,1.913764063733329522e-04
6.470813000000000000e+06,1.319271132559384441e+00,1.941986020932757627e-04
6.629201000000000000e+06,1.319087078893925735e+00,1.883119818149082709e-04
6.791465000000000000e+06,1.318547533038789688e+00,1.885738045314333479e-04
6.957701000000000000e+06,1.319295002887838741e+00,1.756675647221917088e-04
7.128005000000000000e+06,1.318704730329769648e+00,1.699224056132137559e-04
7.302479000000000000e+06,1.318868824965513165e+00,1.871284405039440595e-04
7.481223000000000000e+06,1.319255275428401486e+00,1.915334547878163175e-04
7.664343000000000000e+06,1.319486704264905219e+00,1.740758795305744728e-04
7.851943000000000000e+06,1.319364364099101294e+00,1.733305275400221868e-04
8.044137000000000000e+06,1.318863969976056483e+00,1.748103012631473650e-04
8.241035000000000000e+06,1.319034543985020180e+00,1.694837467898394707e-04
8.442751000000000000e+06,1.318878831995279555e+00,1.662126059191566731e-04
8.649407000000000000e+06,1.318458824346118385e+00,1.704567011470208232e-04
8.861119000000000000e+06,1.319337425126455354e+00,1.598179124420180241e-04
9.078015000000000000e+06,1.318962783545762907e+00,1.609000276388408224e-04
9.300219000000000000e+06,1.319214035536711682e+00,1.718091622615884780e-04
9.527861000000000000e+06,1.319079112075206339e+00,1.560690695531334886e-04
9.761077000000000000e+06,1.319240931692831520e+00,1.613856291684803636e-04
1.584893100000000000e+07,1.319354344304219939e+00,1.279742016419771955e-04
2.511886500000000000e+07,1.319798618438069226e+00,1.025924791167844236e-04
3.981071700000000000e+07,1.319762147761560866e+00,8.903220333913167616e-05
6.309573500000000000e+07,1.319774686154671528e+00,7.567027484858684114e-05
9.999949900000000000e+07,1.319980644400864378e+00,5.783011705862100253e-05
